{"stats":{"minecraft:custom":{"minecraft:time_since_rest":3124,"minecraft:sprint_one_cm":48189,"minecraft:damage_taken":111,"minecraft:walk_one_cm":53490,"minecraft:mob_kills":3,"minecraft:damage_dealt":1775,"minecraft:talked_to_villager":1,"minecraft:interact_with_crafting_table":4,"minecraft:fly_one_cm":55723,"minecraft:open_chest":9,"minecraft:crouch_one_cm":2642,"minecraft:play_time":33622,"minecraft:sneak_time":1531,"minecraft:jump":331,"minecraft:leave_game":1,"minecraft:walk_on_water_one_cm":36,"minecraft:time_since_death":33622,"minecraft:sleep_in_bed":3,"minecraft:total_world_time":33622,"minecraft:fall_one_cm":6057},"minecraft:crafted":{"minecraft:oak_planks":52,"minecraft:iron_axe":1,"minecraft:crafting_table":2,"minecraft:iron_ingot":2,"minecraft:iron_pickaxe":1,"minecraft:chest":2,"minecraft:iron_sword":1,"minecraft:bread":106,"minecraft:wheat":306},"minecraft:used":{"minecraft:iron_axe":36,"minecraft:cyan_bed":4,"minecraft:bread":4,"minecraft:poppy":1,"minecraft:chest":3,"minecraft:golden_helmet":1,"minecraft:sand":22,"minecraft:hay_block":4,"minecraft:crafting_table":2,"minecraft:golden_axe":23},"minecraft:killed":{"minecraft:iron_golem":3},"minecraft:broken":{"minecraft:golden_axe":1},"minecraft:picked_up":{"minecraft:stick":15,"minecraft:sand":22,"minecraft:oak_log":21,"minecraft:cyan_bed":4,"minecraft:hay_block":38,"minecraft:iron_ingot":13,"minecraft:azalea":1,"minecraft:poppy":1,"minecraft:chest":1},"minecraft:mined":{"minecraft:hay_block":38,"minecraft:oak_log":21,"minecraft:flowering_azalea_leaves":3,"minecraft:chest":1,"minecraft:dead_bush":15,"minecraft:sand":24,"minecraft:azalea_leaves":15,"minecraft:cyan_bed":4}},"DataVersion":3953}