{"stats":{"minecraft:custom":{"minecraft:interact_with_furnace":4,"minecraft:mob_kills":4,"minecraft:interact_with_crafting_table":9,"minecraft:leave_game":1,"minecraft:time_since_death":45622,"minecraft:sleep_in_bed":3,"minecraft:time_since_rest":15124,"minecraft:sprint_one_cm":53404,"minecraft:damage_taken":178,"minecraft:walk_one_cm":90031,"minecraft:damage_dealt":2002,"minecraft:talked_to_villager":1,"minecraft:swim_one_cm":2503,"minecraft:fly_one_cm":61149,"minecraft:open_chest":9,"minecraft:crouch_one_cm":6221,"minecraft:play_time":45622,"minecraft:sneak_time":2598,"minecraft:walk_under_water_one_cm":174,"minecraft:jump":404,"minecraft:walk_on_water_one_cm":1661,"minecraft:total_world_time":45622,"minecraft:fall_one_cm":8836},"minecraft:crafted":{"minecraft:oak_planks":52,"minecraft:crafting_table":3,"minecraft:iron_sword":1,"minecraft:furnace":1,"minecraft:bread":106,"minecraft:air":0,"minecraft:iron_axe":1,"minecraft:iron_ingot":5,"minecraft:iron_pickaxe":2,"minecraft:chest":2,"minecraft:clay":6,"minecraft:wheat":306},"minecraft:used":{"minecraft:poppy":1,"minecraft:chest":3,"minecraft:iron_sword":7,"minecraft:clay":5,"minecraft:sand":25,"minecraft:crafting_table":3,"minecraft:oak_log":2,"minecraft:iron_axe":41,"minecraft:bread":4,"minecraft:cyan_bed":4,"minecraft:iron_pickaxe":337,"minecraft:golden_helmet":1,"minecraft:hay_block":4,"minecraft:furnace":1,"minecraft:golden_axe":23},"minecraft:killed":{"minecraft:iron_golem":3,"minecraft:skeleton":1},"minecraft:broken":{"minecraft:golden_axe":1,"minecraft:iron_pickaxe":1},"minecraft:picked_up":{"minecraft:clay_ball":24,"minecraft:oak_log":23,"minecraft:amethyst_block":89,"minecraft:moss_carpet":1,"minecraft:raw_copper":15,"minecraft:bone":2,"minecraft:wheat_seeds":2,"minecraft:iron_ingot":13,"minecraft:calcite":187,"minecraft:azalea":3,"minecraft:poppy":1,"minecraft:moss_block":12,"minecraft:chest":1,"minecraft:flowering_azalea":1,"minecraft:stick":15,"minecraft:raw_iron":4,"minecraft:smooth_basalt":19,"minecraft:big_dripleaf":1,"minecraft:sand":25,"minecraft:cyan_bed":4,"minecraft:cactus":1,"minecraft:arrow":1,"minecraft:hay_block":38,"minecraft:granite":1,"minecraft:glow_berries":3,"minecraft:coal":19,"minecraft:cobblestone":10},"minecraft:mined":{"minecraft:clay":6,"minecraft:cave_vines_plant":4,"minecraft:granite":1,"minecraft:budding_amethyst":2,"minecraft:short_grass":4,"minecraft:calcite":179,"minecraft:chest":1,"minecraft:dead_bush":15,"minecraft:copper_ore":4,"minecraft:tall_grass":4,"minecraft:cyan_bed":4,"minecraft:moss_block":13,"minecraft:amethyst_block":83,"minecraft:hay_block":38,"minecraft:iron_ore":4,"minecraft:oak_log":23,"minecraft:coal_ore":19,"minecraft:flowering_azalea_leaves":3,"minecraft:sand":27,"minecraft:smooth_basalt":10,"minecraft:azalea_leaves":17,"minecraft:azalea":1,"minecraft:stone":11}},"DataVersion":3953}