{"stats":{"minecraft:crafted":{"minecraft:oak_planks":52,"minecraft:iron_axe":1,"minecraft:crafting_table":1},"minecraft:custom":{"minecraft:time_since_rest":10990,"minecraft:open_chest":5,"minecraft:crouch_one_cm":1664,"minecraft:play_time":28011,"minecraft:sprint_one_cm":34702,"minecraft:walk_one_cm":42652,"minecraft:sneak_time":1149,"minecraft:mob_kills":1,"minecraft:jump":238,"minecraft:damage_dealt":1555,"minecraft:leave_game":1,"minecraft:time_since_death":28011,"minecraft:sleep_in_bed":2,"minecraft:total_world_time":28011,"minecraft:interact_with_crafting_table":1,"minecraft:fall_one_cm":2775,"minecraft:fly_one_cm":34704},"minecraft:picked_up":{"minecraft:stick":13,"minecraft:hay_block":38,"minecraft:iron_ingot":5,"minecraft:sand":15,"minecraft:oak_log":13,"minecraft:poppy":1,"minecraft:cyan_bed":4,"minecraft:chest":1},"minecraft:mined":{"minecraft:hay_block":38,"minecraft:oak_log":13,"minecraft:flowering_azalea_leaves":1,"minecraft:chest":1,"minecraft:dead_bush":15,"minecraft:sand":15,"minecraft:azalea_leaves":5,"minecraft:cyan_bed":4},"minecraft:broken":{"minecraft:golden_axe":1},"minecraft:killed":{"minecraft:iron_golem":1},"minecraft:used":{"minecraft:golden_helmet":1,"minecraft:sand":13,"minecraft:hay_block":4,"minecraft:crafting_table":1,"minecraft:iron_axe":12,"minecraft:bread":1,"minecraft:cyan_bed":4,"minecraft:golden_axe":23}},"DataVersion":3953}