{"stats":{"minecraft:custom":{"minecraft:jump":75,"minecraft:open_chest":4,"minecraft:time_since_rest":10011,"minecraft:crouch_one_cm":427,"minecraft:sprint_one_cm":7091,"minecraft:leave_game":1,"minecraft:play_time":10011,"minecraft:time_since_death":10011,"minecraft:walk_one_cm":17727,"minecraft:sneak_time":202,"minecraft:total_world_time":10011,"minecraft:fall_one_cm":627,"minecraft:fly_one_cm":4705},"minecraft:picked_up":{"minecraft:cyan_bed":1,"minecraft:chest":1,"minecraft:hay_block":25},"minecraft:mined":{"minecraft:hay_block":26,"minecraft:cyan_bed":1,"minecraft:chest":1},"minecraft:used":{"minecraft:golden_axe":1}},"DataVersion":3953}