{"stats":{"minecraft:dropped":{"minecraft:moss_carpet":2,"minecraft:wheat_seeds":4,"minecraft:rotten_flesh":1,"minecraft:big_dripleaf":1,"minecraft:andesite":1,"minecraft:azalea":3,"minecraft:cactus":1},"minecraft:custom":{"minecraft:interact_with_furnace":6,"minecraft:mob_kills":7,"minecraft:interact_with_crafting_table":14,"minecraft:leave_game":2,"minecraft:time_since_death":74989,"minecraft:sleep_in_bed":4,"minecraft:climb_one_cm":184,"minecraft:time_since_rest":8522,"minecraft:sprint_one_cm":98661,"minecraft:damage_taken":294,"minecraft:walk_one_cm":180043,"minecraft:damage_blocked_by_shield":144,"minecraft:drop":9,"minecraft:damage_dealt":2553,"minecraft:swim_one_cm":18379,"minecraft:talked_to_villager":2,"minecraft:fly_one_cm":104914,"minecraft:open_chest":15,"minecraft:crouch_one_cm":10536,"minecraft:play_time":74989,"minecraft:sneak_time":5258,"minecraft:walk_under_water_one_cm":10940,"minecraft:jump":851,"minecraft:walk_on_water_one_cm":9611,"minecraft:total_world_time":74989,"minecraft:fall_one_cm":12343},"minecraft:crafted":{"minecraft:oak_door":3,"minecraft:oak_planks":52,"minecraft:crafting_table":3,"minecraft:iron_sword":1,"minecraft:furnace":1,"minecraft:bone_meal":12,"minecraft:bread":106,"minecraft:air":0,"minecraft:shield":1,"minecraft:iron_axe":1,"minecraft:iron_ingot":5,"minecraft:iron_pickaxe":2,"minecraft:chest":2,"minecraft:clay":6,"minecraft:wheat":306},"minecraft:used":{"minecraft:azalea":6,"minecraft:poppy":1,"minecraft:chest":3,"minecraft:shield":5,"minecraft:iron_sword":22,"minecraft:clay":6,"minecraft:oak_door":2,"minecraft:dirt":2,"minecraft:sand":26,"minecraft:crafting_table":5,"minecraft:granite":1,"minecraft:oak_log":8,"minecraft:flowering_azalea":1,"minecraft:rooted_dirt":4,"minecraft:bread":10,"minecraft:iron_axe":124,"minecraft:cyan_bed":4,"minecraft:smooth_sandstone":1,"minecraft:iron_pickaxe":483,"minecraft:smooth_basalt":13,"minecraft:golden_helmet":1,"minecraft:cobblestone":8,"minecraft:hay_block":4,"minecraft:furnace":2,"minecraft:bone_meal":11,"minecraft:golden_axe":23},"minecraft:killed":{"minecraft:spider":1,"minecraft:iron_golem":3,"minecraft:skeleton":2,"minecraft:zombie":1},"minecraft:broken":{"minecraft:golden_axe":1,"minecraft:iron_pickaxe":1},"minecraft:picked_up":{"minecraft:crafting_table":3,"minecraft:clay_ball":48,"minecraft:andesite":3,"minecraft:oak_log":65,"minecraft:amethyst_block":90,"minecraft:dirt":2,"minecraft:moss_carpet":2,"minecraft:raw_copper":15,"minecraft:smooth_sandstone":3,"minecraft:bone":4,"minecraft:wheat_seeds":4,"minecraft:raw_gold":13,"minecraft:spore_blossom":1,"minecraft:iron_ingot":14,"minecraft:azalea":26,"minecraft:calcite":192,"minecraft:poppy":1,"minecraft:moss_block":20,"minecraft:chest":1,"minecraft:flowering_azalea":6,"minecraft:furnace":1,"minecraft:stick":17,"minecraft:raw_iron":36,"minecraft:smooth_basalt":21,"minecraft:oak_door":2,"minecraft:big_dripleaf":4,"minecraft:sand":33,"minecraft:cyan_bed":4,"minecraft:arrow":1,"minecraft:cactus":2,"minecraft:rotten_flesh":1,"minecraft:hay_block":38,"minecraft:granite":3,"minecraft:rooted_dirt":4,"minecraft:glow_berries":4,"minecraft:coal":72,"minecraft:cobblestone":32},"minecraft:mined":{"minecraft:oak_door":2,"minecraft:smooth_sandstone":3,"minecraft:clay":8,"minecraft:crafting_table":3,"minecraft:cave_vines_plant":6,"minecraft:granite":2,"minecraft:budding_amethyst":2,"minecraft:short_grass":5,"minecraft:calcite":182,"minecraft:chest":1,"minecraft:dead_bush":15,"minecraft:tall_grass":4,"minecraft:copper_ore":4,"minecraft:cobblestone":8,"minecraft:cyan_bed":4,"minecraft:moss_block":21,"minecraft:rooted_dirt":4,"minecraft:amethyst_block":83,"minecraft:hay_block":38,"minecraft:spore_blossom":1,"minecraft:furnace":1,"minecraft:iron_ore":36,"minecraft:andesite":2,"minecraft:big_dripleaf_stem":1,"minecraft:oak_log":65,"minecraft:coal_ore":68,"minecraft:cave_vines":3,"minecraft:flowering_azalea_leaves":8,"minecraft:vine":1,"minecraft:sand":35,"minecraft:dirt":2,"minecraft:smooth_basalt":12,"minecraft:azalea_leaves":46,"minecraft:azalea":2,"minecraft:stone":26,"minecraft:gold_ore":13,"minecraft:deepslate":1}},"DataVersion":3953}