{"stats":{"minecraft:dropped":{"minecraft:moss_carpet":1,"minecraft:wheat_seeds":2,"minecraft:rotten_flesh":1,"minecraft:big_dripleaf":1,"minecraft:andesite":1,"minecraft:azalea":3,"minecraft:cactus":1},"minecraft:custom":{"minecraft:interact_with_furnace":4,"minecraft:mob_kills":6,"minecraft:interact_with_crafting_table":10,"minecraft:leave_game":2,"minecraft:time_since_death":56989,"minecraft:sleep_in_bed":3,"minecraft:climb_one_cm":184,"minecraft:time_since_rest":26491,"minecraft:sprint_one_cm":64403,"minecraft:damage_taken":254,"minecraft:walk_one_cm":125751,"minecraft:damage_blocked_by_shield":60,"minecraft:drop":7,"minecraft:damage_dealt":2353,"minecraft:swim_one_cm":7605,"minecraft:talked_to_villager":1,"minecraft:fly_one_cm":66422,"minecraft:open_chest":9,"minecraft:crouch_one_cm":8479,"minecraft:play_time":56989,"minecraft:sneak_time":4148,"minecraft:walk_under_water_one_cm":6459,"minecraft:jump":583,"minecraft:walk_on_water_one_cm":4885,"minecraft:total_world_time":56989,"minecraft:fall_one_cm":9858},"minecraft:crafted":{"minecraft:oak_planks":52,"minecraft:crafting_table":3,"minecraft:iron_sword":1,"minecraft:furnace":1,"minecraft:bread":106,"minecraft:air":0,"minecraft:shield":1,"minecraft:iron_axe":1,"minecraft:iron_ingot":5,"minecraft:iron_pickaxe":2,"minecraft:chest":2,"minecraft:clay":6,"minecraft:wheat":306},"minecraft:used":{"minecraft:poppy":1,"minecraft:chest":3,"minecraft:shield":3,"minecraft:iron_sword":15,"minecraft:clay":5,"minecraft:sand":25,"minecraft:crafting_table":4,"minecraft:granite":1,"minecraft:oak_log":2,"minecraft:bread":7,"minecraft:iron_axe":45,"minecraft:cyan_bed":4,"minecraft:iron_pickaxe":433,"minecraft:smooth_basalt":12,"minecraft:golden_helmet":1,"minecraft:hay_block":4,"minecraft:furnace":1,"minecraft:golden_axe":23},"minecraft:killed":{"minecraft:spider":1,"minecraft:iron_golem":3,"minecraft:skeleton":1,"minecraft:zombie":1},"minecraft:broken":{"minecraft:golden_axe":1,"minecraft:iron_pickaxe":1},"minecraft:picked_up":{"minecraft:crafting_table":2,"minecraft:clay_ball":24,"minecraft:andesite":3,"minecraft:oak_log":23,"minecraft:amethyst_block":90,"minecraft:moss_carpet":2,"minecraft:raw_copper":15,"minecraft:bone":2,"minecraft:wheat_seeds":4,"minecraft:raw_gold":13,"minecraft:spore_blossom":1,"minecraft:iron_ingot":14,"minecraft:azalea":7,"minecraft:calcite":192,"minecraft:poppy":1,"minecraft:moss_block":19,"minecraft:chest":1,"minecraft:flowering_azalea":1,"minecraft:furnace":1,"minecraft:stick":15,"minecraft:raw_iron":27,"minecraft:smooth_basalt":21,"minecraft:big_dripleaf":2,"minecraft:sand":25,"minecraft:cyan_bed":4,"minecraft:arrow":1,"minecraft:cactus":2,"minecraft:rotten_flesh":1,"minecraft:hay_block":38,"minecraft:granite":2,"minecraft:glow_berries":4,"minecraft:coal":49,"minecraft:cobblestone":18},"minecraft:mined":{"minecraft:clay":6,"minecraft:crafting_table":2,"minecraft:cave_vines_plant":6,"minecraft:granite":2,"minecraft:budding_amethyst":2,"minecraft:short_grass":4,"minecraft:calcite":182,"minecraft:chest":1,"minecraft:dead_bush":15,"minecraft:tall_grass":4,"minecraft:copper_ore":4,"minecraft:cyan_bed":4,"minecraft:moss_block":21,"minecraft:amethyst_block":83,"minecraft:hay_block":38,"minecraft:spore_blossom":1,"minecraft:furnace":1,"minecraft:iron_ore":27,"minecraft:andesite":2,"minecraft:oak_log":23,"minecraft:coal_ore":50,"minecraft:cave_vines":3,"minecraft:flowering_azalea_leaves":3,"minecraft:vine":1,"minecraft:sand":27,"minecraft:smooth_basalt":12,"minecraft:azalea_leaves":17,"minecraft:azalea":2,"minecraft:stone":19,"minecraft:gold_ore":13}},"DataVersion":3953}