{"stats":{"minecraft:dropped":{"minecraft:bread":63,"minecraft:moss_carpet":4,"minecraft:wheat_seeds":6,"minecraft:mangrove_propagule":2,"minecraft:rotten_flesh":1,"minecraft:light_gray_wool":1,"minecraft:white_bed":1,"minecraft:torch":1,"minecraft:brown_wool":1,"minecraft:acacia_sapling":2,"minecraft:jungle_door":1,"minecraft:sandstone":1,"minecraft:arrow":1,"minecraft:cactus":1,"minecraft:smooth_sandstone":1,"minecraft:lily_pad":1},"minecraft:crafted":{"minecraft:wooden_sword":1,"minecraft:cobblestone_slab":12,"minecraft:crafting_table":4,"minecraft:wooden_pickaxe":1,"minecraft:furnace":1,"minecraft:mangrove_boat":2,"minecraft:mangrove_planks":40,"minecraft:stone_axe":1,"minecraft:bread":127,"minecraft:cooked_mutton":5,"minecraft:air":0,"minecraft:smooth_sandstone_slab":24,"minecraft:stick":8,"minecraft:stone_pickaxe":1,"minecraft:stone_sword":1,"minecraft:white_bed":1,"minecraft:acacia_planks":4,"minecraft:wheat":351},"minecraft:used":{"minecraft:mangrove_boat":2,"minecraft:cooked_mutton":3,"minecraft:stone_sword":22,"minecraft:stone_pickaxe":34,"minecraft:mangrove_planks":5,"minecraft:smooth_sandstone_slab":22,"minecraft:wooden_pickaxe":29,"minecraft:sandstone":4,"minecraft:cobblestone_slab":13,"minecraft:sand":8,"minecraft:mutton":2,"minecraft:lime_bed":2,"minecraft:crafting_table":7,"minecraft:white_bed":2,"minecraft:flower_pot":1,"minecraft:mangrove_log":1,"minecraft:bread":3,"minecraft:smooth_sandstone":1,"minecraft:lectern":1,"minecraft:stone_axe":38,"minecraft:wooden_sword":33,"minecraft:mangrove_roots":10,"minecraft:furnace":1},"minecraft:custom":{"minecraft:interact_with_furnace":7,"minecraft:mob_kills":13,"minecraft:interact_with_crafting_table":17,"minecraft:leave_game":6,"minecraft:time_since_death":99394,"minecraft:sleep_in_bed":4,"minecraft:climb_one_cm":500,"minecraft:time_since_rest":523,"minecraft:sprint_one_cm":87954,"minecraft:damage_taken":235,"minecraft:walk_one_cm":128241,"minecraft:drop":78,"minecraft:damage_dealt":1219,"minecraft:swim_one_cm":2539,"minecraft:talked_to_villager":2,"minecraft:fly_one_cm":103976,"minecraft:open_chest":8,"minecraft:crouch_one_cm":5949,"minecraft:play_time":99394,"minecraft:sneak_time":2948,"minecraft:walk_under_water_one_cm":1696,"minecraft:boat_one_cm":128026,"minecraft:jump":605,"minecraft:walk_on_water_one_cm":14080,"minecraft:total_world_time":99394,"minecraft:fall_one_cm":7383,"minecraft:horse_one_cm":136656},"minecraft:picked_up":{"minecraft:lime_bed":2,"minecraft:crafting_table":3,"minecraft:flower_pot":1,"minecraft:brown_wool":1,"minecraft:lily_pad":1,"minecraft:dirt":40,"minecraft:moss_carpet":4,"minecraft:mangrove_boat":1,"minecraft:smooth_sandstone":16,"minecraft:wheat_seeds":6,"minecraft:cobblestone_slab":1,"minecraft:light_gray_wool":1,"minecraft:lectern":1,"minecraft:acacia_sapling":2,"minecraft:sugar_cane":52,"minecraft:mangrove_planks":1,"minecraft:mangrove_log":29,"minecraft:furnace":1,"minecraft:book":27,"minecraft:stick":6,"minecraft:sandstone":5,"minecraft:jungle_door":1,"minecraft:torch":1,"minecraft:acacia_log":16,"minecraft:porkchop":8,"minecraft:sand":8,"minecraft:white_bed":2,"minecraft:smooth_sandstone_slab":1,"minecraft:arrow":1,"minecraft:cactus":1,"minecraft:rotten_flesh":1,"minecraft:hay_block":39,"minecraft:bread":6,"minecraft:mangrove_roots":10,"minecraft:mutton":13,"minecraft:mangrove_propagule":2,"minecraft:white_wool":5,"minecraft:cobblestone":23},"minecraft:killed":{"minecraft:husk":1,"minecraft:pig":4,"minecraft:sheep":6,"minecraft:skeleton":1},"minecraft:mined":{"minecraft:white_bed":2,"minecraft:jungle_door":1,"minecraft:potted_cactus":1,"minecraft:mangrove_roots":10,"minecraft:smooth_sandstone":21,"minecraft:crafting_table":3,"minecraft:short_grass":20,"minecraft:acacia_log":16,"minecraft:grass_block":1,"minecraft:dead_bush":1,"minecraft:lectern":1,"minecraft:tall_grass":1,"minecraft:smooth_sandstone_slab":1,"minecraft:lily_pad":1,"minecraft:sugar_cane":19,"minecraft:sandstone":5,"minecraft:wall_torch":1,"minecraft:hay_block":39,"minecraft:lime_bed":2,"minecraft:furnace":1,"minecraft:moss_carpet":4,"minecraft:mangrove_planks":1,"minecraft:mangrove_leaves":214,"minecraft:bookshelf":9,"minecraft:cobblestone_slab":1,"minecraft:vine":4,"minecraft:sand":16,"minecraft:dirt":3,"minecraft:mangrove_log":29,"minecraft:stone":24}},"DataVersion":3953}